train_step,forward_agent/optimal_pd,method,source
20,71.39833481761428,RISC,risc
99,78.24040713051978,RISC,risc
120,77.91695680129239,RISC,risc
141,77.19360840008065,RISC,risc
194,76.33836877140202,RISC,risc
234,71.97831617184963,RISC,risc
290,74.99643612675672,RISC,risc
311,72.91393198885902,RISC,risc
332,71.87662514986292,RISC,risc
386,70.132477225997,RISC,risc
419,77.22894548079971,RISC,risc
440,85.84003833662314,RISC,risc
461,85.97281385267748,RISC,risc
527,83.4365134636796,RISC,risc
568,81.68364638950759,RISC,risc
674,79.17131455263554,RISC,risc
731,82.41362595554075,RISC,risc
752,80.88366889680294,RISC,risc
773,79.33876063965516,RISC,risc
864,84.88243781845485,RISC,risc
885,84.72566363907855,RISC,risc
974,82.19709511616041,RISC,risc
995,81.72200270663019,RISC,risc
1044,81.41260556873013,RISC,risc
1065,81.03876234516424,RISC,risc
1099,80.7683817541288,RISC,risc
1149,85.00325550386373,RISC,risc
1170,85.42551128306664,RISC,risc
1191,89.26541677663221,RISC,risc
1212,89.48708586650925,RISC,risc
1364,91.63983591676752,RISC,risc
1385,92.25437341832884,RISC,risc
1439,87.49279423400098,RISC,risc
1536,91.62990438117166,RISC,risc
1610,86.49266278620308,RISC,risc
1631,83.4987146764039,RISC,risc
1676,81.26476289987097,RISC,risc
1719,83.01203600350115,RISC,risc
1763,82.45837784499737,RISC,risc
1784,82.37234598017461,RISC,risc
1818,83.40481165563176,RISC,risc
1839,82.29412388898896,RISC,risc
1893,83.17480998789834,RISC,risc
1972,84.17299951963572,RISC,risc
2002,84.78147626018358,RISC,risc
2023,83.73622382562642,RISC,risc
2044,83.02479890517144,RISC,risc
2065,82.22256725487416,RISC,risc
2168,78.78753220838539,RISC,risc
2189,75.38787714541463,RISC,risc
2282,77.11886065652047,RISC,risc
2303,78.310961677826,RISC,risc
2324,79.68481742755166,RISC,risc
2387,80.41399092270683,RISC,risc
2408,80.75061264927056,RISC,risc
2429,81.303473875819,RISC,risc
2477,79.03956425228228,RISC,risc
2498,82.09278549761724,RISC,risc
2537,82.32697454036301,RISC,risc
2603,83.98731848313429,RISC,risc
2624,81.02679072815118,RISC,risc
2675,83.68162282792045,RISC,risc
2790,82.52064014379069,RISC,risc
2883,84.55882473153403,RISC,risc
2904,83.7865669923097,RISC,risc
2953,85.15949425178442,RISC,risc
2974,86.91975242847974,RISC,risc
2995,87.07901871636582,RISC,risc
3050,88.00787595813061,RISC,risc
3071,84.52151604313846,RISC,risc
3125,88.89954864234052,RISC,risc
3146,87.00660663040523,RISC,risc
3167,86.67381396911838,RISC,risc
3212,86.81916503751704,RISC,risc
3310,86.25843750816803,RISC,risc
3407,80.43029122702708,RISC,risc
3428,84.7934405844532,RISC,risc
3463,85.03332534929574,RISC,risc
3505,82.7125251923417,RISC,risc
3526,87.43938139162462,RISC,risc
3547,87.75405782800613,RISC,risc
3604,86.38250405939668,RISC,risc
3668,83.3450406358935,RISC,risc
3750,82.89486838169438,RISC,risc
3771,80.64028865003759,RISC,risc
3792,73.95446505239602,RISC,risc
3897,74.77761625595211,RISC,risc
3966,75.52390264217456,RISC,risc
3987,74.3014129492466,RISC,risc
4132,78.67301749372831,RISC,risc
4153,79.54984744501724,RISC,risc
4174,78.87774419002224,RISC,risc
4195,78.19368088170758,RISC,risc
4292,81.06535675841168,RISC,risc
4313,79.67733181875506,RISC,risc
4364,71.16385190463672,RISC,risc
4464,71.03086448231248,RISC,risc
4485,76.05104319145327,RISC,risc
4506,74.73586618869858,RISC,risc
4583,79.63640197862149,RISC,risc
4604,75.98796162393458,RISC,risc
4640,79.93396121003025,RISC,risc
4661,82.59006113727601,RISC,risc
4700,81.57652544303683,RISC,risc
4721,84.86598644679079,RISC,risc
4840,84.87005499374534,RISC,risc
4867,86.22939100019424,RISC,risc
4927,72.24420343149666,RISC,risc
5005,67.59038420614685,RISC,risc
5026,68.13656043477044,RISC,risc
5088,75.61264228294958,RISC,risc
5115,83.08283413181783,RISC,risc
5136,83.44115062251795,RISC,risc
5157,82.75299645642757,RISC,risc
5178,77.50892024607582,RISC,risc
5223,77.96593013039661,RISC,risc
5271,76.03426849413724,RISC,risc
5292,79.00628647031296,RISC,risc
5313,78.77715957305212,RISC,risc
5363,82.43345625029458,RISC,risc
5399,82.151988214509,RISC,risc
5420,52.235904973798284,RISC,risc
5446,70.02449629907277,RISC,risc
5567,78.19506339547033,RISC,risc
5588,83.33870641615991,RISC,risc
5696,81.19697388075944,RISC,risc
5723,81.02740421929995,RISC,risc
5744,80.2309807540535,RISC,risc
5765,76.23060206235097,RISC,risc
5786,80.66284256724227,RISC,risc
5807,71.35148631341983,RISC,risc
5846,68.83940763571117,RISC,risc
5867,69.51919003918758,RISC,risc
5970,82.12087627528555,RISC,risc
5991,79.83678207323364,RISC,risc
6012,71.33386598275877,RISC,risc
6033,72.5142358954494,RISC,risc
6114,69.8120073660749,RISC,risc
6135,74.80221548562925,RISC,risc
6174,73.98864388876767,RISC,risc
6195,71.83289521884322,RISC,risc
6272,71.40033122207505,RISC,risc
6293,72.0970367162098,RISC,risc
6373,66.02895477860265,RISC,risc
6394,70.67554592975509,RISC,risc
6419,69.77163511271556,RISC,risc
6440,69.55181784327664,RISC,risc
6524,69.80007926056734,RISC,risc
6618,70.41768428883671,RISC,risc
6639,70.39030011248084,RISC,risc
6669,72.9851137655698,RISC,risc
6735,70.14318340443579,RISC,risc
6810,68.31147810710442,RISC,risc
6890,64.94710515087709,RISC,risc
6911,55.87982714803572,RISC,risc
6932,67.3388203533787,RISC,risc
6953,77.87001842872834,RISC,risc
6974,79.42825429175183,RISC,risc
7024,74.1136571786224,RISC,risc
7100,56.878205457815746,RISC,risc
7166,73.1082685000311,RISC,risc
7250,74.09480009880853,RISC,risc
7296,70.6721163218196,RISC,risc
7345,69.1469745172653,RISC,risc
7393,67.43737536677915,RISC,risc
7415,66.39934186368095,RISC,risc
7436,64.5010055483737,RISC,risc
7459,59.74172921311492,RISC,risc
7480,62.02782637157386,RISC,risc
7506,68.12601577929665,RISC,risc
7527,69.99634970233114,RISC,risc
7548,69.28064127270605,RISC,risc
7569,67.17701044616132,RISC,risc
7591,66.88905254668262,RISC,risc
7653,69.43817511396274,RISC,risc
7674,72.84312749624584,RISC,risc
7695,68.62638778654826,RISC,risc
7723,67.61354322056226,RISC,risc
7744,69.45496497063792,RISC,risc
7765,70.54621624046817,RISC,risc
7838,69.90610181806335,RISC,risc
7880,70.00569329532638,RISC,risc
7908,69.86720026136437,RISC,risc
7962,69.63167567438532,RISC,risc
7983,73.2080754877694,RISC,risc
8014,72.67063322722778,RISC,risc
8035,70.68709438313428,RISC,risc
8097,70.10117016363488,RISC,risc
8129,69.62176575360098,RISC,risc
8150,69.828312103865,RISC,risc
8171,65.51812728249415,RISC,risc
8291,67.87629224217457,RISC,risc
8312,66.41893372641124,RISC,risc
8393,67.59356681315394,RISC,risc
8414,69.7632014003051,RISC,risc
8460,70.86956957999001,RISC,risc
8481,66.28584549796182,RISC,risc
8523,70.44976382035455,RISC,risc
8544,79.62613872777973,RISC,risc
8572,77.71835345890746,RISC,risc
8617,75.73003767619254,RISC,risc
8649,80.77645559703083,RISC,risc
8722,80.98990972033194,RISC,risc
8743,79.35161896555422,RISC,risc
8764,78.62046713700596,RISC,risc
8796,77.440881780536,RISC,risc
8817,76.66458297397413,RISC,risc
8838,78.91521911683975,RISC,risc
8884,77.08442306152298,RISC,risc
8923,73.19251550291474,RISC,risc
8944,69.10314676541537,RISC,risc
8978,77.1948313806031,RISC,risc
8999,81.41017378870173,RISC,risc
9028,76.54535136004634,RISC,risc
9049,68.8192637053633,RISC,risc
9070,68.67133211374602,RISC,risc
9112,70.61649942283253,RISC,risc
9164,74.47882797113456,RISC,risc
9185,74.49018839493216,RISC,risc
9247,77.67846178584948,RISC,risc
9268,76.48096601957431,RISC,risc
9316,77.2148619667103,RISC,risc
9337,68.60315977422164,RISC,risc
9358,69.60612219459487,RISC,risc
9416,68.97474616475463,RISC,risc
9443,67.98285658807009,RISC,risc
9474,67.60315358416739,RISC,risc
9495,71.03363837619624,RISC,risc
9516,71.48241874353187,RISC,risc
9569,71.20014818524626,RISC,risc
9624,69.16916779584093,RISC,risc
9645,69.48457110601485,RISC,risc
9704,69.25790388427711,RISC,risc
9725,73.27280899442513,RISC,risc
9746,70.80017061488594,RISC,risc
9806,70.46332369693508,RISC,risc
9850,72.71460072268948,RISC,risc
9924,71.96363002054778,RISC,risc
9945,69.25846339033279,RISC,risc
10001,69.8752077390113,RISC,risc
10040,68.20109417388672,RISC,risc
10061,67.59288497502412,RISC,risc
10106,73.4881112490269,RISC,risc
10148,75.52245126027034,RISC,risc
10169,75.7678547497069,RISC,risc
10271,72.99204614841737,RISC,risc
10311,73.47681328099627,RISC,risc
10373,73.77898999882075,RISC,risc
10422,67.70591943966491,RISC,risc
10443,68.51731777437644,RISC,risc
10464,68.0988393920388,RISC,risc
10485,73.60208331358864,RISC,risc
10529,71.84197138927097,RISC,risc
10550,70.37572959236196,RISC,risc
10596,72.6423664772758,RISC,risc
10617,67.45322046073319,RISC,risc
10708,69.44287545266482,RISC,risc
10802,68.00922196358835,RISC,risc
10844,74.58207390494044,RISC,risc
10879,69.15977054454865,RISC,risc
10909,71.10212444013499,RISC,risc
10963,70.47438398619104,RISC,risc
10999,65.90958978569938,RISC,risc
11020,71.03579373407838,RISC,risc
11041,75.97819809066463,RISC,risc
11080,68.49040716963255,RISC,risc
11101,67.6745197697145,RISC,risc
11137,66.6005471928479,RISC,risc
11158,68.8443269931824,RISC,risc
11188,69.01032810102133,RISC,risc
11246,71.69008373807554,RISC,risc
11267,69.58335834689964,RISC,risc
11288,67.4593701267645,RISC,risc
11336,67.42361597410876,RISC,risc
11381,68.24574004980664,RISC,risc
11412,69.22966021957066,RISC,risc
11433,68.28734452716849,RISC,risc
11454,69.7241587481411,RISC,risc
11475,70.3657004174768,RISC,risc
11504,70.91687441772783,RISC,risc
11525,78.74039810135788,RISC,risc
11546,80.74306813990768,RISC,risc
11585,81.88588246739631,RISC,risc
11606,82.31459700255046,RISC,risc
11640,81.82197066514787,RISC,risc
11681,81.7374945079062,RISC,risc
11739,81.47308821916181,RISC,risc
11760,83.44132870965879,RISC,risc
11816,57.46800729211511,RISC,risc
11837,34.35822293182497,RISC,risc
11877,26.226802902333695,RISC,risc
11898,38.23760108620352,RISC,risc
11949,23.380935958660125,RISC,risc
12010,60.45554146796954,RISC,risc
12053,52.65386772133552,RISC,risc
12105,57.943837391698885,RISC,risc
12126,57.93617568245543,RISC,risc
12162,51.18910563205519,RISC,risc
12183,50.65537905998012,RISC,risc
12272,40.17805749796067,RISC,risc
12312,50.10846205111047,RISC,risc
12378,51.61159359881409,RISC,risc
12427,35.36623484722409,RISC,risc
12448,53.53455008950081,RISC,risc
12522,46.273731634456034,RISC,risc
12567,46.56607002240894,RISC,risc
12606,22.74512592671127,RISC,risc
12627,46.25484345648698,RISC,risc
12665,40.140100358295896,RISC,risc
12716,20.92333402982475,RISC,risc
12755,45.30146213628763,RISC,risc
12812,38.79409034566778,RISC,risc
12833,15.73252426799406,RISC,risc
12854,17.885098664646932,RISC,risc
12896,21.96804989232702,RISC,risc
12917,26.502292786800176,RISC,risc
13016,38.115539825674446,RISC,risc
13037,31.449082674480106,RISC,risc
13082,50.10642870059634,RISC,risc
13115,44.04313117304293,RISC,risc
13157,46.34408601982653,RISC,risc
13190,25.029045289545575,RISC,risc
13237,35.479560481067196,RISC,risc
13258,51.52008901581668,RISC,risc
13279,50.46650038010503,RISC,risc
13325,39.36643742138185,RISC,risc
13387,46.98754178815793,RISC,risc
13444,33.29074849726298,RISC,risc
13465,56.33310839286031,RISC,risc
13520,57.260706823638415,RISC,risc
13626,81.75301897789292,RISC,risc
13729,80.49714288203302,RISC,risc
13764,80.25936622354816,RISC,risc
13804,81.27647768055624,RISC,risc
13864,81.0266291907203,RISC,risc
13908,80.43298998948265,RISC,risc
13929,74.71218259638653,RISC,risc
13950,73.02209987456507,RISC,risc
14036,63.9298433524258,RISC,risc
14110,46.949692710689725,RISC,risc
14131,58.55568819519166,RISC,risc
14152,48.734773382710294,RISC,risc
14201,35.18265193982798,RISC,risc
14222,39.24885444538616,RISC,risc
14328,27.554052069758573,RISC,risc
14390,53.76123688670269,RISC,risc
14411,45.36453074642634,RISC,risc
14457,42.49966933988372,RISC,risc
14478,34.203997116528015,RISC,risc
14499,47.18420567269763,RISC,risc
14547,41.52520916470424,RISC,risc
14568,52.139002036638125,RISC,risc
14589,47.132115569566416,RISC,risc
14637,51.18976525793371,RISC,risc
14658,47.749158789656306,RISC,risc
14708,37.295512259615435,RISC,risc
14729,51.457424033903564,RISC,risc
14766,50.27110591857049,RISC,risc
14833,52.739443394609374,RISC,risc
14854,49.657093845016995,RISC,risc
14902,56.42684622368693,RISC,risc
14923,55.73030710643428,RISC,risc
14944,47.62131215838151,RISC,risc
14990,51.18956288950828,RISC,risc
15011,13.563406088079368,RISC,risc
15093,56.239535464179426,RISC,risc
15138,34.55973698902127,RISC,risc
15236,43.79455495960731,RISC,risc
15280,32.53633333859141,RISC,risc
15301,54.94021969920563,RISC,risc
15361,54.925906943249636,RISC,risc
15408,46.95180800332173,RISC,risc
15429,54.56228792178346,RISC,risc
15450,43.082926877840244,RISC,risc
15491,31.631070544750887,RISC,risc
15512,13.36631393432234,RISC,risc
15533,10.366398999852318,RISC,risc
15580,28.46402415422598,RISC,risc
15726,9.781940247866618,RISC,risc
15747,5.138757469166799,RISC,risc
15827,27.047251050911314,RISC,risc
15848,40.7293462103081,RISC,risc
15869,68.16838560960284,RISC,risc
15890,48.54751682786305,RISC,risc
15923,31.57457069291395,RISC,risc
15976,22.6800865304048,RISC,risc
15997,64.78226107326421,RISC,risc
16018,18.013549430945787,RISC,risc
16044,11.666827777171163,RISC,risc
16065,16.400405151547602,RISC,risc
16123,13.607160583553913,RISC,risc
16144,55.51534037176796,RISC,risc
16165,56.84801272696943,RISC,risc
16186,55.86229185979595,RISC,risc
16228,42.83897698442618,RISC,risc
16262,62.21258997132436,RISC,risc
16283,54.46793135990081,RISC,risc
16319,53.32347025355656,RISC,risc
16370,61.26781789767436,RISC,risc
16391,43.34743654961144,RISC,risc
16412,46.062207367252405,RISC,risc
16433,45.65521029392792,RISC,risc
16454,47.85731631564517,RISC,risc
16514,53.32870127829328,RISC,risc
16571,62.199007616198145,RISC,risc
16592,84.16348526243928,RISC,risc
16624,90.48741486300767,RISC,risc
16662,86.17649879605422,RISC,risc
16683,68.00460493647336,RISC,risc
16749,62.16665939162868,RISC,risc
16854,80.9912199836729,RISC,risc
16875,81.17498399285655,RISC,risc
16896,80.63916583702598,RISC,risc
16917,80.02856163068684,RISC,risc
16938,80.41540838896586,RISC,risc
16970,72.547670124638,RISC,risc
17020,67.11828208470936,RISC,risc
17041,64.51134737128221,RISC,risc
17062,65.02906991396274,RISC,risc
17083,66.2633415791083,RISC,risc
17151,64.3871313114708,RISC,risc
17172,67.80060759535912,RISC,risc
17209,55.10473406292618,RISC,risc
17261,47.999391299285044,RISC,risc
17298,59.01416923591321,RISC,risc
17319,56.92479142926794,RISC,risc
17344,50.08318506588767,RISC,risc
17365,36.44265035775345,RISC,risc
17386,31.080679621567537,RISC,risc
17431,37.60415750917825,RISC,risc
17452,34.17954839790424,RISC,risc
17473,68.1820142631131,RISC,risc
17511,34.06987789357702,RISC,risc
17532,27.190128063710993,RISC,risc
17569,51.189465502356605,RISC,risc
17623,36.46114358551012,RISC,risc
17664,46.349130549662995,RISC,risc
17732,56.941027096522866,RISC,risc
17815,57.5120467004813,RISC,risc
17885,40.367649248135876,RISC,risc
17906,22.43010934411637,RISC,risc
17927,34.278261308097086,RISC,risc
17956,44.296804334062664,RISC,risc
18051,23.55220863028555,RISC,risc
18137,4.789106171785002,RISC,risc
18228,34.21369576731689,RISC,risc
18249,32.38250690198016,RISC,risc
18293,40.95540999788275,RISC,risc
18314,47.78695528833217,RISC,risc
18335,32.989019005282024,RISC,risc
18356,33.125472267823305,RISC,risc
18377,31.980573197420032,RISC,risc
18427,56.48831991225097,RISC,risc
18448,57.44734413744489,RISC,risc
18504,43.52648959318003,RISC,risc
18525,22.39194782157504,RISC,risc
18546,21.181657594149474,RISC,risc
18567,18.65100008230781,RISC,risc
18603,38.06865110713266,RISC,risc
18635,32.327236383147174,RISC,risc
18656,31.502517430477706,RISC,risc
18683,33.94122615649988,RISC,risc
18730,9.390287880155839,RISC,risc
18799,25.629158798708083,RISC,risc
18820,24.956220732175293,RISC,risc
18853,39.41342613606347,RISC,risc
18874,53.68034686760941,RISC,risc
18918,53.14242526550521,RISC,risc
18991,42.133949713861554,RISC,risc
19019,50.70648996163109,RISC,risc
19071,40.489627427699276,RISC,risc
19102,51.45270800726548,RISC,risc
19174,68.2535198518027,RISC,risc
19224,75.29960732355987,RISC,risc
19276,79.3601837364051,RISC,risc
19297,79.83791475704504,RISC,risc
19327,79.84510074081312,RISC,risc
19390,75.1417420089482,RISC,risc
19411,78.23200059748397,RISC,risc
19432,51.974106394359254,RISC,risc
19533,50.19528993763372,RISC,risc
19554,65.11320591879313,RISC,risc
19642,61.592338568668644,RISC,risc
19673,73.28030826072438,RISC,risc
19703,73.49784285168643,RISC,risc
19724,70.47882349109621,RISC,risc
19745,70.00469575173702,RISC,risc
19767,70.80902523249885,RISC,risc
19788,71.93711186438259,RISC,risc
19820,72.85690089868008,RISC,risc
19841,71.60998282073459,RISC,risc
19866,74.30591125501267,RISC,risc
19887,78.9541004684483,RISC,risc
19908,76.9859982228419,RISC,risc
19930,73.38319902579548,RISC,risc
19959,77.28964737333035,RISC,risc
19980,71.69853459690555,RISC,risc
20013,71.50821395886057,RISC,risc
20039,75.32881363590847,RISC,risc
20060,72.57806702710641,RISC,risc
20081,64.13565365318745,RISC,risc
20120,71.9240065629222,RISC,risc
20148,77.60838698955766,RISC,risc
20175,75.71726390331794,RISC,risc
20196,77.48801020683926,RISC,risc
20224,77.77540978683692,RISC,risc
20253,77.02196771073268,RISC,risc
20285,74.82582643450986,RISC,risc
20306,79.80792040445354,RISC,risc
20341,78.01753532059985,RISC,risc
20362,80.29476419955621,RISC,risc
20390,78.2672996286804,RISC,risc
20417,73.94699578484393,RISC,risc
20438,80.55602835107662,RISC,risc
20459,80.28525885878265,RISC,risc
20491,78.58425076412485,RISC,risc
20519,64.3876712809354,RISC,risc
20557,65.19790924874131,RISC,risc
20578,66.87227506319957,RISC,risc
20630,60.687869174866535,RISC,risc
20651,67.8485407897795,RISC,risc
20714,72.47622410784368,RISC,risc
20780,66.40430463461067,RISC,risc
20801,54.502911724987634,RISC,risc
20822,65.59189216140456,RISC,risc
20873,76.03605290237326,RISC,risc
20894,90.70610325217707,RISC,risc
20915,69.44951337992975,RISC,risc
20975,68.67457803372868,RISC,risc
21045,67.43114491781229,RISC,risc
21066,59.448782001291654,RISC,risc
21087,60.24848814544428,RISC,risc
21155,65.91285259377204,RISC,risc
21176,58.8930492041298,RISC,risc
21235,83.26842207213096,RISC,risc
21291,69.0471765600837,RISC,risc
21312,90.94822669544266,RISC,risc
21333,90.85550496751692,RISC,risc
21366,83.90017867227489,RISC,risc
21403,70.22083313439722,RISC,risc
21455,70.63441376313804,RISC,risc
21476,68.90515457611875,RISC,risc
21553,68.84888963145399,RISC,risc
21592,83.04569362465011,RISC,risc
21613,89.55586024456821,RISC,risc
21634,85.02817945387322,RISC,risc
21795,78.27123156821416,RISC,risc
21816,92.91704130097743,RISC,risc
21863,88.47705666734326,RISC,risc
21911,76.5701180424953,RISC,risc
22022,80.4515870716411,RISC,risc
22043,98.13691198254705,RISC,risc
22109,67.2052853114551,RISC,risc
22150,53.987725757634955,RISC,risc
22171,76.09016147592145,RISC,risc
22192,48.99013521346773,RISC,risc
22256,52.192328955252975,RISC,risc
22295,75.62598422628236,RISC,risc
22316,65.28773693826479,RISC,risc
22337,48.12468814296202,RISC,risc
22384,59.63971430983624,RISC,risc
22405,47.59261705047319,RISC,risc
22449,52.961377786922746,RISC,risc
22470,43.90041942217102,RISC,risc
22491,46.3953097630335,RISC,risc
22518,53.88821891416147,RISC,risc
22556,56.55652691993732,RISC,risc
22580,75.10939132471118,RISC,risc
22601,78.40406214747718,RISC,risc
22627,74.25442517609714,RISC,risc
22660,73.42058745536934,RISC,risc
22702,74.28601196842,RISC,risc
22723,72.09561845943736,RISC,risc
22744,82.26370730872021,RISC,risc
22858,68.49836477580065,RISC,risc
22944,15.1704129837772,RISC,risc
23040,1.7515108367950418,RISC,risc
23111,1.3069564131983509,RISC,risc
23197,54.18685586927048,RISC,risc
23252,84.59518785195606,RISC,risc
23273,79.67658618878163,RISC,risc
23330,57.87309149699779,RISC,risc
23405,63.367335214564925,RISC,risc
23426,79.5401077557488,RISC,risc
23458,77.83178397140225,RISC,risc
23486,77.84806696286967,RISC,risc
23512,76.91198715955555,RISC,risc
23533,78.0660712536424,RISC,risc
23581,64.86063752714396,RISC,risc
23602,59.51640044112945,RISC,risc
23640,70.18146678684118,RISC,risc
23676,71.23627239741967,RISC,risc
23722,77.37735097758332,RISC,risc
23743,78.00476930951832,RISC,risc
23766,75.46591146263864,RISC,risc
23787,65.58248404153181,RISC,risc
23808,82.83997607535115,RISC,risc
23829,52.44599134486766,RISC,risc
23850,37.22374231803019,RISC,risc
23892,36.901382555502074,RISC,risc
23927,71.79860108868286,RISC,risc
24053,89.27030317536183,RISC,risc
24117,90.17151107520283,RISC,risc
24138,90.15470930543673,RISC,risc
24180,90.29586805444522,RISC,risc
24213,89.95278355156218,RISC,risc
24234,89.79816033845958,RISC,risc
24295,91.54688089870572,RISC,risc
24336,89.33794035740577,RISC,risc
24357,88.78259460305141,RISC,risc
24381,88.91629149431583,RISC,risc
24402,86.657201383368,RISC,risc
24423,84.0487379550097,RISC,risc
24487,87.00305477855763,RISC,risc
24508,86.00122139051433,RISC,risc
24555,81.74897495585886,RISC,risc
24598,62.41135318779332,RISC,risc
24627,76.17409387458069,RISC,risc
24662,79.84828700279897,RISC,risc
24689,84.89251595043169,RISC,risc
24775,71.90020958240004,RISC,risc
24833,74.8683953694473,RISC,risc
24876,72.42369360614681,RISC,risc
24897,76.89106650504924,RISC,risc
24928,79.00335497029496,RISC,risc
24954,78.36564316648919,RISC,risc
24975,53.16734077431593,RISC,risc
25012,76.00239780814826,RISC,risc
25063,79.22744357943805,RISC,risc
25084,66.8155583959669,RISC,risc
25105,75.93681024466393,RISC,risc
25168,54.91859897466481,RISC,risc
25189,26.226298716737396,RISC,risc
25220,56.84536601019437,RISC,risc
25271,88.87317870220812,RISC,risc
25295,68.82649668507143,RISC,risc
25344,71.02549836140766,RISC,risc
25365,70.57482481765663,RISC,risc
25386,69.43629894711302,RISC,risc
25525,7.059667804658544,RISC,risc
25695,1.018712419174276,RISC,risc
25846,0.9005122679471098,RISC,risc
25972,0.8326513308054088,RISC,risc
26057,9.849138031406042,RISC,risc
26111,59.93994251146736,RISC,risc
26147,62.980118708733855,RISC,risc
26232,64.82780936360317,RISC,risc
26280,89.68612861230906,RISC,risc
26339,97.10659574180119,RISC,risc
26402,70.18945696786966,RISC,risc
26423,72.09987777675701,RISC,risc
26496,50.18880011898881,RISC,risc
26524,42.79318744170139,RISC,risc
26545,25.17765540616089,RISC,risc
26585,53.432531292007646,RISC,risc
26606,70.97854144093382,RISC,risc
26627,49.001880725075225,RISC,risc
26676,38.22248920575862,RISC,risc
26736,31.397710472554145,RISC,risc
26801,44.10498020730378,RISC,risc
26839,42.90990907952039,RISC,risc
26892,34.626293090088,RISC,risc
26913,103.89720014197165,RISC,risc
26987,104.57776497104459,RISC,risc
27008,106.81405299732614,RISC,risc
27029,107.40210887362669,RISC,risc
27050,109.91672435430779,RISC,risc
27084,95.22920302521116,RISC,risc
27105,85.03486587317813,RISC,risc
27156,94.38815191604802,RISC,risc
27177,98.28663652417539,RISC,risc
27220,106.62694368565222,RISC,risc
27315,102.41957656742018,RISC,risc
27347,108.01222014843108,RISC,risc
27368,108.15154994692423,RISC,risc
27411,109.01734099816605,RISC,risc
27441,108.09372062767785,RISC,risc
27477,109.38333418635241,RISC,risc
27532,112.19739452511047,RISC,risc
27553,96.79128257088807,RISC,risc
27585,99.5974396937426,RISC,risc
27625,110.63429673582515,RISC,risc
27674,95.07599604066212,RISC,risc
27695,89.98502519473305,RISC,risc
27744,109.29870396047414,RISC,risc
27765,101.6335999982295,RISC,risc
27802,85.44637932927111,RISC,risc
27868,88.84469543616369,RISC,risc
27952,98.6435006570882,RISC,risc
27973,99.05154722012784,RISC,risc
27994,106.17048863422349,RISC,risc
28051,94.46608701974226,RISC,risc
28072,95.53082008082802,RISC,risc
28093,86.835074240448,RISC,risc
28139,85.01302501679649,RISC,risc
28160,80.54742673511058,RISC,risc
28188,71.76841338577734,RISC,risc
28209,81.26545878731257,RISC,risc
28230,93.47216185949127,RISC,risc
28273,79.79751574585156,RISC,risc
28327,63.22009803233995,RISC,risc
28348,81.33959124623277,RISC,risc
28454,52.24355421711484,RISC,risc
28508,72.99738034705192,RISC,risc
28556,84.96146175085289,RISC,risc
28593,83.5540713555175,RISC,risc
28614,86.56315241564893,RISC,risc
28669,83.64139922075834,RISC,risc
28690,90.38706725732585,RISC,risc
28741,88.19906019865552,RISC,risc
28762,76.83025846474779,RISC,risc
28797,73.25332940009663,RISC,risc
28900,63.12694327337094,RISC,risc
28937,72.24041832076425,RISC,risc
28968,72.07264132273879,RISC,risc
28989,82.5871431988095,RISC,risc
29045,73.75429776792902,RISC,risc
29067,77.69928050590454,RISC,risc
29089,78.23549993385632,RISC,risc
29114,76.18699363019358,RISC,risc
29164,61.74573642809064,RISC,risc
29197,80.60241703323864,RISC,risc
29227,81.66411177020683,RISC,risc
29248,79.2766749812192,RISC,risc
29269,79.48588220401405,RISC,risc
29312,80.17730624815029,RISC,risc
29333,85.50736347856235,RISC,risc
29378,78.31296196236117,RISC,risc
29436,65.83011785633481,RISC,risc
29490,83.72186798129701,RISC,risc
29521,79.5697986299737,RISC,risc
29559,75.79611914326412,RISC,risc
29580,79.36183799962838,RISC,risc
29603,79.74580175053978,RISC,risc
29624,69.18944665115836,RISC,risc
29657,56.3058031702233,RISC,risc
29689,71.30892946620668,RISC,risc
29710,79.5321073360873,RISC,risc
29733,80.1286003286185,RISC,risc
29754,68.31560644335133,RISC,risc
29807,74.68004346362429,RISC,risc
29839,67.84877642134833,RISC,risc
29881,64.87318792513834,RISC,risc
29902,65.18874252497602,RISC,risc
29968,63.28395228756671,RISC,risc
30030,74.571276778433,RISC,risc
30051,89.1932012011846,RISC,risc
30115,86.42626930908658,RISC,risc
30143,62.89253385406924,RISC,risc
30180,65.86177678735618,RISC,risc
30221,75.44421410667448,RISC,risc
30242,83.16351981500547,RISC,risc
30292,86.11146567221324,RISC,risc
30325,62.55013457732931,RISC,risc
30398,65.6441439934756,RISC,risc
30419,76.14637918127515,RISC,risc
30450,76.06981018714836,RISC,risc
30503,75.70600863845152,RISC,risc
30524,76.46519270429373,RISC,risc
30561,73.53206145239668,RISC,risc
30608,74.81995929756606,RISC,risc
30650,68.20932488105197,RISC,risc
30692,57.83335510174476,RISC,risc
30721,72.66978893717415,RISC,risc
30742,56.01610171427629,RISC,risc
30780,66.2031011534718,RISC,risc
30801,34.875537608887186,RISC,risc
30847,70.07417410157429,RISC,risc
30868,67.4283903052638,RISC,risc
30894,66.89833920175559,RISC,risc
30947,59.28872890406931,RISC,risc
30999,75.53271843821479,RISC,risc
31020,58.18391375010902,RISC,risc
31074,51.76184657679853,RISC,risc
31106,61.98447359578212,RISC,risc
31133,57.26459714038599,RISC,risc
31154,64.88885043508316,RISC,risc
31197,68.33536074468121,RISC,risc
31218,65.29554184028005,RISC,risc
31282,44.56103691018553,RISC,risc
31323,74.39346067138489,RISC,risc
31344,65.83726660392566,RISC,risc
31393,62.634699738456675,RISC,risc
31414,60.10699733822834,RISC,risc
31448,61.63060501567615,RISC,risc
31469,64.05316373907466,RISC,risc
31535,53.300000248708045,RISC,risc
31556,63.667144919620334,RISC,risc
31592,66.82902883752993,RISC,risc
31629,69.79939730450968,RISC,risc
31658,43.71174828287363,RISC,risc
31679,46.14724080236162,RISC,risc
31725,64.6651488903256,RISC,risc
31762,64.43328578092952,RISC,risc
31793,59.96671357687943,RISC,risc
31829,61.896820035821364,RISC,risc
31877,43.51611217197359,RISC,risc
31914,65.95960291513153,RISC,risc
31952,66.56573820454432,RISC,risc
31995,39.400007776930046,RISC,risc
32042,55.98175170862254,RISC,risc
32077,52.99736625513388,RISC,risc
32111,58.28335367778672,RISC,risc
32132,56.533521379822105,RISC,risc
32169,49.632129112503534,RISC,risc
32190,52.366786143482116,RISC,risc
32262,53.79804086865011,RISC,risc
32298,69.88883537038626,RISC,risc
32332,60.94435656864506,RISC,risc
32381,62.002828157736644,RISC,risc
32402,80.0926582652071,RISC,risc
32459,46.587773010612224,RISC,risc
32490,63.82576615909515,RISC,risc
32517,30.727012165998747,RISC,risc
32538,21.7585571284577,RISC,risc
32565,31.11894928873266,RISC,risc
32607,46.886283275984084,RISC,risc
32635,38.215184684358775,RISC,risc
32656,34.68932099860837,RISC,risc
32702,44.79570172686104,RISC,risc
32723,38.28806116331386,RISC,risc
32764,60.02453077403334,RISC,risc
32785,30.614574287889475,RISC,risc
32806,31.106580996617577,RISC,risc
32827,32.064379970897136,RISC,risc
32848,40.40209284221423,RISC,risc
32910,55.64779802746936,RISC,risc
32931,32.88657642004885,RISC,risc
32982,47.34551925972559,RISC,risc
33003,45.40384285450475,RISC,risc
33024,36.97014815187779,RISC,risc
33057,37.133045213636635,RISC,risc
33078,33.103122671094006,RISC,risc
33143,40.275190387733964,RISC,risc
33198,56.128204054504174,RISC,risc
33219,30.92075964138837,RISC,risc
33269,44.23409280407733,RISC,risc
33319,23.460380847840835,RISC,risc
33347,16.827552158255138,RISC,risc
33653,0.5091191460478912,RISC,risc
33704,0.9529375667701332,RISC,risc
33789,1.325613007065647,RISC,risc
33829,0.9310705110439123,RISC,risc
33917,1.2639359830597683,RISC,risc
33965,0.8720848607683793,RISC,risc
34041,1.2987017328817416,RISC,risc
34094,1.0370739610421202,RISC,risc
34153,0.8801470016020987,RISC,risc
34257,1.1519345404109504,RISC,risc
34336,0.8578488915685553,RISC,risc
34387,10.795989866568616,RISC,risc
34423,44.385575483639215,RISC,risc
34457,52.49075983510272,RISC,risc
34478,26.293196585312987,RISC,risc
34512,48.44600347303625,RISC,risc
34562,67.21674534820197,RISC,risc
34589,60.03245494122391,RISC,risc
34613,16.0775619044304,RISC,risc
34647,0.7559357392052546,RISC,risc
34732,1.2088835765612456,RISC,risc
34798,44.53722712799297,RISC,risc
34819,26.268869051920475,RISC,risc
34870,52.61660345258339,RISC,risc
34891,29.91117162540296,RISC,risc
34998,1.2048424790640657,RISC,risc
35071,0.7193763798611928,RISC,risc
35172,0.9425733414056716,RISC,risc
35234,0.7704371579714403,RISC,risc
35294,0.6442633012173299,RISC,risc
35327,0.6912690133628621,RISC,risc
35433,2.246725673462233,RISC,risc
35495,0.8211268991579663,RISC,risc
35552,31.376029383240084,RISC,risc
35591,45.03769164051733,RISC,risc
35633,39.28867951114225,RISC,risc
35663,11.915458297777674,RISC,risc
35766,0.7222684600330769,RISC,risc
35804,0.4499064472608591,RISC,risc
35876,0.9547699964437335,RISC,risc
35968,12.813552068980075,RISC,risc
36010,38.97887989144349,RISC,risc
36039,52.49896576350045,RISC,risc
36060,23.301802083291992,RISC,risc
36089,35.10277452503762,RISC,risc
36134,40.09496447141404,RISC,risc
36207,41.58524276955022,RISC,risc
36272,41.01923506817268,RISC,risc
36293,41.94646549164031,RISC,risc
36314,38.19987389833369,RISC,risc
36383,41.2194905079287,RISC,risc
36404,44.91585651190108,RISC,risc
36508,42.51402249872672,RISC,risc
36573,45.272629025475844,RISC,risc
36594,46.250952726478516,RISC,risc
36639,45.774698722092886,RISC,risc
36681,41.64577645519512,RISC,risc
36741,43.79874982591967,RISC,risc
36762,46.90184880942998,RISC,risc
36820,46.16092230710667,RISC,risc
36861,45.12100978671673,RISC,risc
36931,45.57597860080841,RISC,risc
36952,45.10411020275689,RISC,risc
36995,45.90086763373844,RISC,risc
37031,25.575672399690664,RISC,risc
37074,59.439221679903895,RISC,risc
37107,31.896704782093664,RISC,risc
37133,62.25177034084355,RISC,risc
37161,21.628222588648114,RISC,risc
37206,57.07149084375773,RISC,risc
37232,30.215958292908123,RISC,risc
37268,49.10724642033376,RISC,risc
37314,28.97770598586845,RISC,risc
37348,38.712507509587255,RISC,risc
37385,50.68558602479134,RISC,risc
37428,52.38743354850166,RISC,risc
37464,60.77608932034695,RISC,risc
37496,20.29444270695492,RISC,risc
37532,2.430616912500639,RISC,risc
37577,7.755451454272546,RISC,risc
37623,2.8948929742827785,RISC,risc
37678,22.542016148051484,RISC,risc
37699,16.416397076335397,RISC,risc
37739,1.6319082627461161,RISC,risc
37808,3.7645502444353482,RISC,risc
37861,13.714898891688708,RISC,risc
37891,28.843150003963192,RISC,risc
37912,2.9958840615134705,RISC,risc
37978,28.094367370394984,RISC,risc
38037,16.720758967879924,RISC,risc
38071,38.827273985645796,RISC,risc
38103,33.35372775432323,RISC,risc
38137,37.97705519133716,RISC,risc
38158,3.6532918656045132,RISC,risc
38249,17.56836453411,RISC,risc
38270,19.76557629786321,RISC,risc
38317,4.365130769913125,RISC,risc
38376,8.64709680622642,RISC,risc
38397,23.852711444113176,RISC,risc
38452,21.164045999944438,RISC,risc
38483,30.942944335995186,RISC,risc
38536,34.2483715726562,RISC,risc
38557,21.249168015752694,RISC,risc
38614,1.9853716212292076,RISC,risc
38653,13.96262408221066,RISC,risc
38714,22.21025983546614,RISC,risc
38752,34.808849550326954,RISC,risc
38773,19.354111899851873,RISC,risc
38834,42.19962503976819,RISC,risc
38862,59.045262731274896,RISC,risc
38910,52.27609555210465,RISC,risc
38931,27.393624904048895,RISC,risc
38989,19.1196140205763,RISC,risc
39027,29.36216695293336,RISC,risc
39048,4.470834474141455,RISC,risc
39139,0.9195826349022395,RISC,risc
39199,0.9018125697803695,RISC,risc
39255,0.8190669795815432,RISC,risc
39314,24.310797122105058,RISC,risc
39335,20.19166819505685,RISC,risc
39381,45.552769687161614,RISC,risc
39402,23.44329159353991,RISC,risc
39439,2.0152006422191575,RISC,risc
39495,26.2912229913525,RISC,risc
39537,33.50684849487974,RISC,risc
39572,39.074153875389236,RISC,risc
39593,13.328634963856741,RISC,risc
39624,5.215041479580967,RISC,risc
39680,0.12334130187074005,RISC,risc
39727,10.576646375061769,RISC,risc
39764,4.556107640240219,RISC,risc
39810,9.499217932891787,RISC,risc
39853,0.6013261074891686,RISC,risc
39890,2.7761414506321898,RISC,risc
39928,1.8391145644855376,RISC,risc
40010,18.65014388588195,RISC,risc
40031,9.550494617515822,RISC,risc
40096,7.5116089510693635,RISC,risc
40137,7.741625872281503,RISC,risc
40197,1.38018375065237,RISC,risc
40269,0.5795857445240823,RISC,risc
40351,0.5139451299096589,RISC,risc
40412,5.906256245657234,RISC,risc
40438,4.379385876225641,RISC,risc
40498,0.2738432980525982,RISC,risc
40569,19.073556361534866,RISC,risc
40596,12.926487705235315,RISC,risc
40667,13.066634624684701,RISC,risc
40693,7.512314382651297,RISC,risc
40747,10.32525278443007,RISC,risc
40777,23.545124667056317,RISC,risc
40823,2.638462471030573,RISC,risc
40889,3.3252301387417122,RISC,risc
40924,6.087457746856224,RISC,risc
40954,1.1617485581131024,RISC,risc
41023,0.09071059879807969,RISC,risc
41142,0.10481092157835885,RISC,risc
41192,2.5936740726711793,RISC,risc
41246,0.4608182711019264,RISC,risc
41307,22.851864946931023,RISC,risc
41358,23.2721038807917,RISC,risc
41379,15.565838492726932,RISC,risc
41422,29.567146944922246,RISC,risc
41453,19.121304273969113,RISC,risc
41488,2.7776083817457304,RISC,risc
41542,2.6086517399049525,RISC,risc
41593,7.313900120674453,RISC,risc
41630,31.95691667650003,RISC,risc
41651,19.56250372035378,RISC,risc
41683,23.222599097634504,RISC,risc
41729,21.963928319798836,RISC,risc
41785,2.8122337026635043,RISC,risc
41943,15.318759470081558,RISC,risc
41974,22.781400240489276,RISC,risc
42009,2.837494087011069,RISC,risc
42061,1.325787212068631,RISC,risc
42094,0.1435832121323421,RISC,risc
42150,4.709975434280387,RISC,risc
42182,1.5827150394758662,RISC,risc
42240,19.943475981447424,RISC,risc
42261,3.9303563713646636,RISC,risc
42316,24.92696908874484,RISC,risc
42361,20.406684214614902,RISC,risc
42402,10.264131748528985,RISC,risc
42423,8.546852723471924,RISC,risc
42464,4.0807570950841505,RISC,risc
42493,0.42184794856769803,RISC,risc
42547,8.777316309478818,RISC,risc
42585,0.25904364965905996,RISC,risc
42635,8.029081005012698,RISC,risc
42683,2.505046535200207,RISC,risc
42723,4.34778749435597,RISC,risc
42762,4.0395273747300395,RISC,risc
42797,2.122861418696478,RISC,risc
42858,2.5426450604147144,RISC,risc
42905,16.40038064771805,RISC,risc
42926,3.6995168744232454,RISC,risc
42992,2.6071773079720355,RISC,risc
43046,24.484708170626067,RISC,risc
43079,21.90009781632422,RISC,risc
43119,29.069356770987547,RISC,risc
43161,17.21211713519153,RISC,risc
43201,7.661541583875694,RISC,risc
43222,2.9076805801189907,RISC,risc
43276,3.1374002286917406,RISC,risc
43314,0.23753815437110418,RISC,risc
43368,15.429158240681831,RISC,risc
43418,7.586415889189846,RISC,risc
43465,11.928822572524728,RISC,risc
43490,10.326294058508918,RISC,risc
43532,15.038142125162818,RISC,risc
43586,11.2200936876535,RISC,risc
43628,15.250575232060912,RISC,risc
43663,18.19622666239391,RISC,risc
43684,4.10229886515934,RISC,risc
43728,1.828955005586161,RISC,risc
43794,7.276782669475565,RISC,risc
43819,23.704928307412175,RISC,risc
43847,19.2876689568335,RISC,risc
43875,5.40101103056697,RISC,risc
43913,1.7981292847837178,RISC,risc
43985,24.06966246976565,RISC,risc
44006,8.06878509166043,RISC,risc
44045,3.241628320095162,RISC,risc
44094,5.454166608906502,RISC,risc
44143,3.8597890984068086,RISC,risc
44202,8.52060045454274,RISC,risc
44238,16.36844324731529,RISC,risc
44276,11.09829287386109,RISC,risc
44297,4.556592791214857,RISC,risc
44356,1.7084250798792875,RISC,risc
44403,15.105385835415653,RISC,risc
44445,5.709130723604965,RISC,risc
44491,20.568408214074253,RISC,risc
44512,5.029906046318108,RISC,risc
44556,4.078211362979224,RISC,risc
44608,2.9957783271411467,RISC,risc
44650,2.85277369860299,RISC,risc
44712,2.7784355278834796,RISC,risc
44743,16.83941586705071,RISC,risc
44781,16.056748245109333,RISC,risc
44838,4.845775482891948,RISC,risc
44859,4.951691311596505,RISC,risc
44901,4.166685384649576,RISC,risc
44940,1.848766804172865,RISC,risc
45006,8.461948385481882,RISC,risc
45027,10.674134203292175,RISC,risc
45070,4.460800551129011,RISC,risc
45105,0.9636428647981612,RISC,risc
45152,4.46229338479339,RISC,risc
45204,4.084477824864757,RISC,risc
45230,6.409641697604231,RISC,risc
45271,4.04147210412504,RISC,risc
45305,1.2328298279739844,RISC,risc
45366,16.652852083456988,RISC,risc
45392,2.7355924523199766,RISC,risc
45463,21.6055556933579,RISC,risc
45484,26.09383121720519,RISC,risc
45508,5.141760317561193,RISC,risc
45575,5.182406413499815,RISC,risc
45606,9.937127079356609,RISC,risc
45627,3.6277375220307997,RISC,risc
45697,15.985606729323814,RISC,risc
45718,13.853011858406116,RISC,risc
45759,2.3039797060499896,RISC,risc
45786,3.8307462382784987,RISC,risc
45829,0.25041456337242896,RISC,risc
45867,1.037265058974395,RISC,risc
45941,10.59267089004858,RISC,risc
45962,8.931706753334618,RISC,risc
46015,14.308115921002104,RISC,risc
46036,7.843759985144387,RISC,risc
46083,2.3628213242770384,RISC,risc
46132,9.251686217917381,RISC,risc
46190,6.533891498312247,RISC,risc
46211,13.55007246857626,RISC,risc
46247,2.3961617913428777,RISC,risc
46282,2.6993517646880747,RISC,risc
46316,1.4183178366948368,RISC,risc
46370,2.244468058392004,RISC,risc
46410,2.6315854836623216,RISC,risc
46457,5.868516345419853,RISC,risc
46507,11.89572411344051,RISC,risc
46528,6.741774684009741,RISC,risc
46565,0.41717056739411384,RISC,risc
46606,3.3070568065743973,RISC,risc
46648,3.721567956852506,RISC,risc
46691,4.430742365452616,RISC,risc
46735,10.552301888931453,RISC,risc
46781,2.2812620337967564,RISC,risc
46825,11.954796050416604,RISC,risc
46858,14.141747297357984,RISC,risc
46896,12.970843291584627,RISC,risc
46952,9.007072739343547,RISC,risc
46985,19.809239259145567,RISC,risc
47006,8.713780540766288,RISC,risc
47050,1.7062975105766487,RISC,risc
47095,8.31785205227693,RISC,risc
47142,16.413154542094443,RISC,risc
47171,18.809396423150503,RISC,risc
47198,13.437542860119933,RISC,risc
47219,6.107951193454688,RISC,risc
47275,12.376523796045486,RISC,risc
47306,14.290586699961002,RISC,risc
47327,4.68841580246829,RISC,risc
47371,4.019314783332385,RISC,risc
47423,9.850424133136599,RISC,risc
47475,8.918039516574705,RISC,risc
47504,12.262277406510771,RISC,risc
47545,10.251517426035745,RISC,risc
47566,2.8491526437272023,RISC,risc
47621,6.519452300503252,RISC,risc
47658,1.4031033255606415,RISC,risc
47722,11.79245812602206,RISC,risc
47757,6.409864870512625,RISC,risc
47792,4.49390378258457,RISC,risc
47855,10.68128487698632,RISC,risc
47879,9.761258723454972,RISC,risc
47912,4.0145277841903555,RISC,risc
47967,6.622667655378726,RISC,risc
48014,11.405463006613337,RISC,risc
48039,6.753713328840248,RISC,risc
48086,4.26606633749661,RISC,risc
48122,0.6784112764640973,RISC,risc
48181,5.364265531858541,RISC,risc
48221,5.629632287868418,RISC,risc
48276,10.212209527810513,RISC,risc
48299,7.2601630960701975,RISC,risc
48330,0.978896913178635,RISC,risc
48385,10.509276352241011,RISC,risc
48424,1.3025048993191803,RISC,risc
48479,5.565746713837379,RISC,risc
48526,3.237827895660153,RISC,risc
48567,12.388258105758839,RISC,risc
48593,10.162109611709653,RISC,risc
48649,8.351252211930268,RISC,risc
48670,3.147132093479367,RISC,risc
48734,8.004182259784214,RISC,risc
48755,5.183994108910225,RISC,risc
48816,9.012178761657673,RISC,risc
48837,8.053556062384645,RISC,risc
48887,4.445371850007739,RISC,risc
48927,9.72823790186921,RISC,risc
48948,2.9142643766187812,RISC,risc
49015,10.822598588595667,RISC,risc
49048,12.728418598323637,RISC,risc
49072,3.6253267608072495,RISC,risc
49122,9.528035111053576,RISC,risc
49175,13.62819607079623,RISC,risc
49204,10.103581666844914,RISC,risc
49256,7.530730752554309,RISC,risc
49288,6.749056060424488,RISC,risc
49337,4.281651099639645,RISC,risc
49379,3.221727208684348,RISC,risc
49434,3.610288412540469,RISC,risc
49455,8.371471256524833,RISC,risc
49520,9.801936281155763,RISC,risc
49547,13.845538666179321,RISC,risc
49583,11.61179015364111,RISC,risc
49625,8.258061528988899,RISC,risc
49646,3.4664236861024307,RISC,risc
49706,2.4330336384099085,RISC,risc
49743,8.617024346634231,RISC,risc
49798,6.376213683212894,RISC,risc
49844,5.47315070409568,RISC,risc
49878,11.261997530955545,RISC,risc
49914,10.775717863369467,RISC,risc
49959,10.762424764654007,RISC,risc
49993,11.976829690015785,RISC,risc
20,71.39833481761428,Reverse Curriculum,risc
41,77.35666384590549,Reverse Curriculum,risc
62,76.94175728996949,Reverse Curriculum,risc
83,77.19360840008065,Reverse Curriculum,risc
105,77.48541089087055,Reverse Curriculum,risc
126,77.2013333007681,Reverse Curriculum,risc
147,82.25783509523251,Reverse Curriculum,risc
168,80.05536135397911,Reverse Curriculum,risc
189,77.51992366321616,Reverse Curriculum,risc
211,74.02481109109667,Reverse Curriculum,risc
232,77.60800918235866,Reverse Curriculum,risc
253,81.09798777708654,Reverse Curriculum,risc
274,81.34755669900477,Reverse Curriculum,risc
295,80.76980757986149,Reverse Curriculum,risc
317,81.91179153242084,Reverse Curriculum,risc
338,80.1482093217884,Reverse Curriculum,risc
359,81.44940173637438,Reverse Curriculum,risc
380,77.36041542944602,Reverse Curriculum,risc
401,75.62936084878366,Reverse Curriculum,risc
423,79.8687430608633,Reverse Curriculum,risc
444,82.02156821565116,Reverse Curriculum,risc
465,80.47965225577491,Reverse Curriculum,risc
486,75.87784524570692,Reverse Curriculum,risc
508,77.49155876837571,Reverse Curriculum,risc
529,74.38034290551018,Reverse Curriculum,risc
550,74.83051387778349,Reverse Curriculum,risc
571,76.20471371149046,Reverse Curriculum,risc
592,78.1091747402508,Reverse Curriculum,risc
614,74.43986152725924,Reverse Curriculum,risc
635,71.39466769988665,Reverse Curriculum,risc
656,72.34506775850562,Reverse Curriculum,risc
677,78.21547146167936,Reverse Curriculum,risc
698,78.16062289640888,Reverse Curriculum,risc
720,78.23841872735917,Reverse Curriculum,risc
741,77.6980659468592,Reverse Curriculum,risc
762,75.84741178415725,Reverse Curriculum,risc
783,78.1577706707231,Reverse Curriculum,risc
804,75.49359254307936,Reverse Curriculum,risc
826,74.67275882274964,Reverse Curriculum,risc
847,74.50246201218357,Reverse Curriculum,risc
868,78.8835732961655,Reverse Curriculum,risc
889,79.10703953732565,Reverse Curriculum,risc
911,78.66560708181574,Reverse Curriculum,risc
932,77.24908359200701,Reverse Curriculum,risc
953,75.94180146454907,Reverse Curriculum,risc
974,74.69923946216774,Reverse Curriculum,risc
995,73.52276635055824,Reverse Curriculum,risc
1017,71.86126924193222,Reverse Curriculum,risc
1038,73.89179941023765,Reverse Curriculum,risc
1059,75.7413276401102,Reverse Curriculum,risc
1080,80.25866185609024,Reverse Curriculum,risc
1101,78.96606242389656,Reverse Curriculum,risc
1123,82.39538396544913,Reverse Curriculum,risc
1144,80.191976879249,Reverse Curriculum,risc
1165,83.2727918502309,Reverse Curriculum,risc
1186,85.13669018275468,Reverse Curriculum,risc
1207,84.75650041042422,Reverse Curriculum,risc
1229,86.9837918388813,Reverse Curriculum,risc
1250,90.86603817191823,Reverse Curriculum,risc
1271,92.22487338623768,Reverse Curriculum,risc
1292,92.3988278999625,Reverse Curriculum,risc
1314,91.21009224948334,Reverse Curriculum,risc
1335,90.80685651134505,Reverse Curriculum,risc
1356,89.1257411031301,Reverse Curriculum,risc
1377,86.01740709216334,Reverse Curriculum,risc
1398,86.54825264219009,Reverse Curriculum,risc
1420,85.33205822927228,Reverse Curriculum,risc
1441,83.98669796572194,Reverse Curriculum,risc
1462,86.14945143137129,Reverse Curriculum,risc
1483,86.76791476934174,Reverse Curriculum,risc
1504,87.08765679166692,Reverse Curriculum,risc
1526,87.0759624720218,Reverse Curriculum,risc
1547,87.26262269853949,Reverse Curriculum,risc
1568,86.04557297847248,Reverse Curriculum,risc
1589,88.37557969527714,Reverse Curriculum,risc
1610,87.85885226860738,Reverse Curriculum,risc
1632,86.87137990758848,Reverse Curriculum,risc
1653,86.54337675443932,Reverse Curriculum,risc
1674,86.04514098505311,Reverse Curriculum,risc
1695,84.28054658996929,Reverse Curriculum,risc
1717,83.8937829545189,Reverse Curriculum,risc
1738,85.51943229156439,Reverse Curriculum,risc
1759,84.89962308096403,Reverse Curriculum,risc
1780,84.81748419606105,Reverse Curriculum,risc
1801,85.81483195557185,Reverse Curriculum,risc
1823,90.02827634408206,Reverse Curriculum,risc
1844,92.29635742649306,Reverse Curriculum,risc
1865,91.70812472760382,Reverse Curriculum,risc
1886,92.04090559761399,Reverse Curriculum,risc
1907,92.26027908858144,Reverse Curriculum,risc
1929,91.5307735255992,Reverse Curriculum,risc
1950,90.40177257134262,Reverse Curriculum,risc
1971,87.70533760724251,Reverse Curriculum,risc
1992,84.30809229942882,Reverse Curriculum,risc
2013,84.92669146778903,Reverse Curriculum,risc
2035,83.23236036039735,Reverse Curriculum,risc
2056,84.07800688903671,Reverse Curriculum,risc
2077,83.86212952974684,Reverse Curriculum,risc
2098,86.40402232958007,Reverse Curriculum,risc
2119,83.81715162385464,Reverse Curriculum,risc
2141,84.68994696524116,Reverse Curriculum,risc
2162,86.37652013562067,Reverse Curriculum,risc
2183,85.93918626179719,Reverse Curriculum,risc
2204,82.96189025566353,Reverse Curriculum,risc
2226,83.58364951096956,Reverse Curriculum,risc
2247,86.53058535216613,Reverse Curriculum,risc
2268,87.76475178633133,Reverse Curriculum,risc
2289,86.07763630060113,Reverse Curriculum,risc
2310,84.72902856844784,Reverse Curriculum,risc
2332,85.65170423137208,Reverse Curriculum,risc
2353,87.55123643429117,Reverse Curriculum,risc
2374,86.12156684260526,Reverse Curriculum,risc
2395,85.89260766348313,Reverse Curriculum,risc
2416,85.93183481420962,Reverse Curriculum,risc
2438,86.06305389703263,Reverse Curriculum,risc
2459,86.16028013013202,Reverse Curriculum,risc
2480,87.01511207565622,Reverse Curriculum,risc
2501,85.2434779613035,Reverse Curriculum,risc
2522,85.13211373422307,Reverse Curriculum,risc
2544,85.8708019952572,Reverse Curriculum,risc
2565,85.87623499745165,Reverse Curriculum,risc
2586,86.38964516520153,Reverse Curriculum,risc
2607,85.7948756539126,Reverse Curriculum,risc
2629,86.9391799326525,Reverse Curriculum,risc
2650,85.19097871107668,Reverse Curriculum,risc
2671,87.86515461716853,Reverse Curriculum,risc
2692,88.99097340678559,Reverse Curriculum,risc
2713,88.38832014757337,Reverse Curriculum,risc
2735,88.57636606743272,Reverse Curriculum,risc
2756,87.73406934727022,Reverse Curriculum,risc
2777,89.33296660078867,Reverse Curriculum,risc
2798,89.37922876917318,Reverse Curriculum,risc
2819,87.11892914198054,Reverse Curriculum,risc
2841,86.59431203528746,Reverse Curriculum,risc
2862,84.28151149409425,Reverse Curriculum,risc
2883,87.13578917554413,Reverse Curriculum,risc
2904,87.01614597400852,Reverse Curriculum,risc
2925,87.14353333229352,Reverse Curriculum,risc
2947,86.69591416844567,Reverse Curriculum,risc
2968,84.93333010281773,Reverse Curriculum,risc
2989,87.4772750229851,Reverse Curriculum,risc
3010,87.59450947922487,Reverse Curriculum,risc
3032,87.54297931326911,Reverse Curriculum,risc
3053,87.93126007599943,Reverse Curriculum,risc
3074,86.32167420726604,Reverse Curriculum,risc
3095,87.21676130582193,Reverse Curriculum,risc
3116,86.92417527271445,Reverse Curriculum,risc
3138,86.49416648270338,Reverse Curriculum,risc
3159,87.16599166108222,Reverse Curriculum,risc
3180,87.15337694913919,Reverse Curriculum,risc
3201,87.92093633531381,Reverse Curriculum,risc
3222,86.87077169065573,Reverse Curriculum,risc
3244,87.3869443613748,Reverse Curriculum,risc
3265,85.46902496972841,Reverse Curriculum,risc
3286,87.09588531126252,Reverse Curriculum,risc
3307,88.57567923374796,Reverse Curriculum,risc
3328,87.21701232150042,Reverse Curriculum,risc
3350,83.79231499318259,Reverse Curriculum,risc
3371,84.21462514945178,Reverse Curriculum,risc
3392,86.49422669341781,Reverse Curriculum,risc
3413,87.10746633854399,Reverse Curriculum,risc
3435,84.98812913348578,Reverse Curriculum,risc
3456,85.3516809132129,Reverse Curriculum,risc
3477,86.44728460667156,Reverse Curriculum,risc
3498,88.13540703141382,Reverse Curriculum,risc
3519,88.86680485471558,Reverse Curriculum,risc
3541,89.5217814678911,Reverse Curriculum,risc
3562,91.80157591401637,Reverse Curriculum,risc
3583,93.75027276792682,Reverse Curriculum,risc
3604,94.33678566188216,Reverse Curriculum,risc
3625,93.70832419929661,Reverse Curriculum,risc
3647,94.63229439865367,Reverse Curriculum,risc
3668,94.1264726400688,Reverse Curriculum,risc
3689,94.0226964416179,Reverse Curriculum,risc
3710,93.6336223651933,Reverse Curriculum,risc
3733,94.87663181053091,Reverse Curriculum,risc
3754,92.34926532660434,Reverse Curriculum,risc
3775,90.22100682155948,Reverse Curriculum,risc
3796,89.14587863056241,Reverse Curriculum,risc
3817,89.07811030916871,Reverse Curriculum,risc
3839,85.7581522941656,Reverse Curriculum,risc
3860,87.42399787846409,Reverse Curriculum,risc
3881,89.70378232918418,Reverse Curriculum,risc
3902,89.97572861373645,Reverse Curriculum,risc
3923,89.21335812030946,Reverse Curriculum,risc
3945,87.47512393382257,Reverse Curriculum,risc
3966,90.09749134290294,Reverse Curriculum,risc
3987,89.1292628598164,Reverse Curriculum,risc
4008,89.29085182435973,Reverse Curriculum,risc
4029,88.76904428824274,Reverse Curriculum,risc
4051,87.18666513578671,Reverse Curriculum,risc
4072,86.36576142853907,Reverse Curriculum,risc
4093,88.05517458720725,Reverse Curriculum,risc
4114,86.46600527825198,Reverse Curriculum,risc
4136,88.23412171554699,Reverse Curriculum,risc
4157,87.9651587332586,Reverse Curriculum,risc
4178,85.23541627878333,Reverse Curriculum,risc
4199,87.26561063386539,Reverse Curriculum,risc
4220,86.90233534535699,Reverse Curriculum,risc
4242,88.37377655574673,Reverse Curriculum,risc
4263,87.44549156497095,Reverse Curriculum,risc
4284,85.45806141771183,Reverse Curriculum,risc
4305,85.25859972133108,Reverse Curriculum,risc
4326,85.0134063974729,Reverse Curriculum,risc
4348,85.97008756818907,Reverse Curriculum,risc
4369,87.02796797545288,Reverse Curriculum,risc
4390,89.27682784152671,Reverse Curriculum,risc
4411,90.69298173178036,Reverse Curriculum,risc
4432,92.85934684064229,Reverse Curriculum,risc
4454,93.29131853194956,Reverse Curriculum,risc
4480,85.8739254197889,Reverse Curriculum,risc
4501,92.60717781912611,Reverse Curriculum,risc
4522,91.88747870146278,Reverse Curriculum,risc
4543,91.55105177225421,Reverse Curriculum,risc
4564,92.37722252064601,Reverse Curriculum,risc
4587,82.84461864066644,Reverse Curriculum,risc
4618,72.89991903750644,Reverse Curriculum,risc
4644,84.8999743535631,Reverse Curriculum,risc
4685,87.17531003672721,Reverse Curriculum,risc
4711,75.14377962388795,Reverse Curriculum,risc
4749,74.89752555653672,Reverse Curriculum,risc
4777,29.266023864866202,Reverse Curriculum,risc
4798,31.020098519724677,Reverse Curriculum,risc
4823,43.47494571472253,Reverse Curriculum,risc
4844,90.73319605007374,Reverse Curriculum,risc
4865,89.63087173883592,Reverse Curriculum,risc
4886,91.0037779233621,Reverse Curriculum,risc
4907,92.50329408310584,Reverse Curriculum,risc
4929,91.41977725606993,Reverse Curriculum,risc
4950,90.4950752773472,Reverse Curriculum,risc
4971,87.68523004275556,Reverse Curriculum,risc
4992,86.79392032582865,Reverse Curriculum,risc
5013,85.32902535675476,Reverse Curriculum,risc
5035,86.09844034676426,Reverse Curriculum,risc
5056,86.9654896010425,Reverse Curriculum,risc
5077,86.96379496781597,Reverse Curriculum,risc
5098,85.37348145362341,Reverse Curriculum,risc
5119,83.9126199757455,Reverse Curriculum,risc
5141,81.75221517841229,Reverse Curriculum,risc
5162,82.20016390879069,Reverse Curriculum,risc
5183,80.34722858789279,Reverse Curriculum,risc
5204,82.47309000001873,Reverse Curriculum,risc
5225,84.03312183943383,Reverse Curriculum,risc
5247,85.06017508538203,Reverse Curriculum,risc
5268,84.47428538018885,Reverse Curriculum,risc
5289,86.86104890331534,Reverse Curriculum,risc
5310,84.84809681591712,Reverse Curriculum,risc
5332,85.67984731384473,Reverse Curriculum,risc
5353,83.32923418954317,Reverse Curriculum,risc
5374,83.41943328129754,Reverse Curriculum,risc
5395,85.31406864750605,Reverse Curriculum,risc
5416,85.27376734661321,Reverse Curriculum,risc
5438,84.9028582590817,Reverse Curriculum,risc
5459,85.92852653046756,Reverse Curriculum,risc
5480,84.60185282674308,Reverse Curriculum,risc
5501,85.00642931643654,Reverse Curriculum,risc
5522,85.00484526504192,Reverse Curriculum,risc
5544,85.17413781072301,Reverse Curriculum,risc
5565,86.45573151940769,Reverse Curriculum,risc
5586,85.46398223688144,Reverse Curriculum,risc
5607,85.83081916423448,Reverse Curriculum,risc
5628,85.42504783932252,Reverse Curriculum,risc
5650,85.6581562971064,Reverse Curriculum,risc
5671,85.9515321413061,Reverse Curriculum,risc
5692,84.6683023863791,Reverse Curriculum,risc
5713,86.07823321114917,Reverse Curriculum,risc
5735,84.08180978086041,Reverse Curriculum,risc
5756,84.90355113436536,Reverse Curriculum,risc
5777,85.34423251570277,Reverse Curriculum,risc
5798,84.78746103608178,Reverse Curriculum,risc
5819,88.24580396464603,Reverse Curriculum,risc
5841,85.55765775729172,Reverse Curriculum,risc
5862,85.16130927263157,Reverse Curriculum,risc
5883,85.58466637527553,Reverse Curriculum,risc
5904,85.68164781894195,Reverse Curriculum,risc
5925,84.6079091791359,Reverse Curriculum,risc
5947,85.82600949425002,Reverse Curriculum,risc
5968,85.89191619320738,Reverse Curriculum,risc
5989,86.21859171008293,Reverse Curriculum,risc
6010,85.44788681895484,Reverse Curriculum,risc
6031,85.00254126884651,Reverse Curriculum,risc
6053,84.71808114653327,Reverse Curriculum,risc
6074,84.9187751949833,Reverse Curriculum,risc
6095,84.42969512838255,Reverse Curriculum,risc
6116,84.16545970937642,Reverse Curriculum,risc
6138,84.46479954856633,Reverse Curriculum,risc
6159,83.00735425668002,Reverse Curriculum,risc
6180,83.80951877360468,Reverse Curriculum,risc
6201,84.44985415106532,Reverse Curriculum,risc
6222,85.13406731527954,Reverse Curriculum,risc
6244,85.75512777843768,Reverse Curriculum,risc
6265,84.87613525823328,Reverse Curriculum,risc
6286,85.13575933688949,Reverse Curriculum,risc
6307,85.63432758304388,Reverse Curriculum,risc
6328,85.8991677345182,Reverse Curriculum,risc
6350,86.30022263971013,Reverse Curriculum,risc
6371,86.625951415918,Reverse Curriculum,risc
6392,86.95022212428162,Reverse Curriculum,risc
6413,88.16566728904947,Reverse Curriculum,risc
6434,91.08136710127992,Reverse Curriculum,risc
6456,90.58326817430817,Reverse Curriculum,risc
6477,50.98017758315263,Reverse Curriculum,risc
6605,15.067081849057976,Reverse Curriculum,risc
6636,90.72931238824636,Reverse Curriculum,risc
6657,90.4426983028458,Reverse Curriculum,risc
6678,31.820500802693903,Reverse Curriculum,risc
6742,53.06852170831648,Reverse Curriculum,risc
6792,54.51187905002991,Reverse Curriculum,risc
6849,88.08048074321503,Reverse Curriculum,risc
6890,47.91464479286711,Reverse Curriculum,risc
6944,32.981815777642,Reverse Curriculum,risc
7014,7.2557360947962195,Reverse Curriculum,risc
7068,18.858959359153697,Reverse Curriculum,risc
7151,28.34950395549563,Reverse Curriculum,risc
7233,24.991580354582187,Reverse Curriculum,risc
7312,23.759780611213113,Reverse Curriculum,risc
7343,12.90090125218175,Reverse Curriculum,risc
7402,17.69747851075087,Reverse Curriculum,risc
7423,45.693591382432366,Reverse Curriculum,risc
7501,40.57884509594243,Reverse Curriculum,risc
7522,90.25695323162071,Reverse Curriculum,risc
7614,32.66937407399314,Reverse Curriculum,risc
7675,8.11518373113927,Reverse Curriculum,risc
7742,6.263820582018276,Reverse Curriculum,risc
7763,45.15763146550325,Reverse Curriculum,risc
7804,29.97968701606661,Reverse Curriculum,risc
7825,90.45847839546032,Reverse Curriculum,risc
7884,24.378066780777598,Reverse Curriculum,risc
7939,36.810990800435476,Reverse Curriculum,risc
8070,20.676182782977946,Reverse Curriculum,risc
8111,12.151025948731771,Reverse Curriculum,risc
8161,36.72722797057987,Reverse Curriculum,risc
8182,28.11628456744643,Reverse Curriculum,risc
8267,19.721266415925225,Reverse Curriculum,risc
8313,12.53218428430824,Reverse Curriculum,risc
8334,10.257834758991793,Reverse Curriculum,risc
8355,64.40548057469992,Reverse Curriculum,risc
8457,23.968739871641734,Reverse Curriculum,risc
8610,1.9605785699471194,Reverse Curriculum,risc
8668,11.379510908146237,Reverse Curriculum,risc
8752,14.26552917513727,Reverse Curriculum,risc
8886,2.746786333719557,Reverse Curriculum,risc
8959,22.08993392963939,Reverse Curriculum,risc
9048,3.6522717709538464,Reverse Curriculum,risc
9109,28.49268309811536,Reverse Curriculum,risc
9130,73.1931232103787,Reverse Curriculum,risc
9217,56.98087907575869,Reverse Curriculum,risc
9275,6.533666012307293,Reverse Curriculum,risc
9313,5.928132677093288,Reverse Curriculum,risc
9366,83.62937255920741,Reverse Curriculum,risc
9387,87.84021686577154,Reverse Curriculum,risc
9408,87.50228709288118,Reverse Curriculum,risc
9429,87.46276161836575,Reverse Curriculum,risc
9451,87.7411019195421,Reverse Curriculum,risc
9472,87.8062527021967,Reverse Curriculum,risc
9493,87.19238673734918,Reverse Curriculum,risc
9514,87.70404012897764,Reverse Curriculum,risc
9535,86.02200665666929,Reverse Curriculum,risc
9557,85.37631216274968,Reverse Curriculum,risc
9578,87.89192964391331,Reverse Curriculum,risc
9599,85.85877259475352,Reverse Curriculum,risc
9620,87.60047063555389,Reverse Curriculum,risc
9641,86.92827966766336,Reverse Curriculum,risc
9726,41.96711093336394,Reverse Curriculum,risc
9896,6.844382994511153,Reverse Curriculum,risc
9947,6.622891740220527,Reverse Curriculum,risc
10108,7.720848604176826,Reverse Curriculum,risc
10283,8.686246594533758,Reverse Curriculum,risc
10344,63.19337265756455,Reverse Curriculum,risc
10365,87.46676514975282,Reverse Curriculum,risc
10386,86.88135939576634,Reverse Curriculum,risc
10407,45.72159461278299,Reverse Curriculum,risc
10530,3.4705162165163355,Reverse Curriculum,risc
10604,2.4954759413370726,Reverse Curriculum,risc
10671,6.749042834067137,Reverse Curriculum,risc
10783,75.01490149730417,Reverse Curriculum,risc
10804,87.51110977697059,Reverse Curriculum,risc
10825,87.46321092034731,Reverse Curriculum,risc
10846,87.45178673859061,Reverse Curriculum,risc
10868,87.49531159413075,Reverse Curriculum,risc
10889,87.40983462401275,Reverse Curriculum,risc
10910,86.77107189946531,Reverse Curriculum,risc
10931,83.50691689210458,Reverse Curriculum,risc
10952,86.4426654140337,Reverse Curriculum,risc
10974,87.50373250056982,Reverse Curriculum,risc
10995,86.71113547422742,Reverse Curriculum,risc
11016,70.65854446079992,Reverse Curriculum,risc
11067,34.55821305439108,Reverse Curriculum,risc
11088,84.85745661915325,Reverse Curriculum,risc
11109,78.80749385891114,Reverse Curriculum,risc
11217,2.4034044552996163,Reverse Curriculum,risc
11295,14.809275865756884,Reverse Curriculum,risc
11402,6.476797472649247,Reverse Curriculum,risc
11557,39.08538080566139,Reverse Curriculum,risc
11578,86.33867112907474,Reverse Curriculum,risc
11599,87.3913156952878,Reverse Curriculum,risc
11620,87.95613238685996,Reverse Curriculum,risc
11641,86.6955638179954,Reverse Curriculum,risc
11663,86.14889181835557,Reverse Curriculum,risc
11684,84.7359009478993,Reverse Curriculum,risc
11705,85.5515229480125,Reverse Curriculum,risc
11726,85.38190336050592,Reverse Curriculum,risc
11747,84.71529623841667,Reverse Curriculum,risc
11769,86.09960880438136,Reverse Curriculum,risc
11790,85.03791290458919,Reverse Curriculum,risc
11811,84.84074515672978,Reverse Curriculum,risc
11832,83.88584155400208,Reverse Curriculum,risc
11854,85.75019224567956,Reverse Curriculum,risc
11875,86.74004211397266,Reverse Curriculum,risc
11896,84.98116576213684,Reverse Curriculum,risc
11917,84.20972378205518,Reverse Curriculum,risc
11938,85.48221704363124,Reverse Curriculum,risc
11960,85.1541616012541,Reverse Curriculum,risc
11981,85.56763323151799,Reverse Curriculum,risc
12002,86.29509496790106,Reverse Curriculum,risc
12023,86.53169488149489,Reverse Curriculum,risc
12044,85.83280681556467,Reverse Curriculum,risc
12066,86.28268063830325,Reverse Curriculum,risc
12087,86.00644322657584,Reverse Curriculum,risc
12108,86.84853687857587,Reverse Curriculum,risc
12129,85.34410220238244,Reverse Curriculum,risc
12150,86.58544487481097,Reverse Curriculum,risc
12172,86.46458182788724,Reverse Curriculum,risc
12193,86.54117761909968,Reverse Curriculum,risc
12214,85.77831899148785,Reverse Curriculum,risc
12235,86.30400565997319,Reverse Curriculum,risc
12257,85.62623021341845,Reverse Curriculum,risc
12278,85.69999075584201,Reverse Curriculum,risc
12299,85.4068155031131,Reverse Curriculum,risc
12320,85.16051897830418,Reverse Curriculum,risc
12341,80.65185011537966,Reverse Curriculum,risc
12363,83.3047775239224,Reverse Curriculum,risc
12384,83.26680191283147,Reverse Curriculum,risc
12405,80.9762655146505,Reverse Curriculum,risc
12426,83.31533665166928,Reverse Curriculum,risc
12447,48.83654621071337,Reverse Curriculum,risc
12525,2.9012710914245248,Reverse Curriculum,risc
12644,4.238315176039736,Reverse Curriculum,risc
12738,6.356974434589525,Reverse Curriculum,risc
12901,1.9541184017143234,Reverse Curriculum,risc
13094,8.202895618630079,Reverse Curriculum,risc
13194,11.089840640967315,Reverse Curriculum,risc
13300,10.350472147876385,Reverse Curriculum,risc
13421,1.9178722951085345,Reverse Curriculum,risc
13707,1.5683898749675174,Reverse Curriculum,risc
13888,5.895107442496895,Reverse Curriculum,risc
13996,3.1124217540936385,Reverse Curriculum,risc
14101,16.331426205422897,Reverse Curriculum,risc
14222,10.971337498456744,Reverse Curriculum,risc
14316,14.151082301064447,Reverse Curriculum,risc
14437,0.7657540976756604,Reverse Curriculum,risc
14641,6.95300041603562,Reverse Curriculum,risc
14711,4.834098350121401,Reverse Curriculum,risc
15131,17.63994644997819,Reverse Curriculum,risc
15152,34.16956000156053,Reverse Curriculum,risc
15208,12.000739839100207,Reverse Curriculum,risc
15518,2.6426276387436194,Reverse Curriculum,risc
15625,15.250873616448404,Reverse Curriculum,risc
15816,6.42244982405416,Reverse Curriculum,risc
16075,14.707632475418903,Reverse Curriculum,risc
16196,2.8334618365629956,Reverse Curriculum,risc
16356,18.42661427222557,Reverse Curriculum,risc
16477,1.2494088184755476,Reverse Curriculum,risc
16589,7.1553749145856855,Reverse Curriculum,risc
16768,10.846118235020066,Reverse Curriculum,risc
16806,6.656448173046889,Reverse Curriculum,risc
16983,1.6109065628764414,Reverse Curriculum,risc
17185,1.70376529202454,Reverse Curriculum,risc
17260,13.508239357057425,Reverse Curriculum,risc
17338,1.9336087608864045,Reverse Curriculum,risc
17569,18.245169788823297,Reverse Curriculum,risc
17630,2.067124874845183,Reverse Curriculum,risc
17737,7.019328810932043,Reverse Curriculum,risc
17835,14.262699500525441,Reverse Curriculum,risc
17956,2.089383899403581,Reverse Curriculum,risc
18093,2.737757576289357,Reverse Curriculum,risc
18191,9.178018035791396,Reverse Curriculum,risc
18351,3.546162891049861,Reverse Curriculum,risc
18462,3.536411680933451,Reverse Curriculum,risc
18573,77.72445492317274,Reverse Curriculum,risc
18594,82.282041587415,Reverse Curriculum,risc
18615,80.72670191423647,Reverse Curriculum,risc
18636,81.5970743447989,Reverse Curriculum,risc
18658,83.00208253641806,Reverse Curriculum,risc
18679,83.21496900163801,Reverse Curriculum,risc
18700,83.36041399705213,Reverse Curriculum,risc
18721,86.42298523586425,Reverse Curriculum,risc
18742,86.51232584924638,Reverse Curriculum,risc
18764,85.05176970682692,Reverse Curriculum,risc
18785,80.36079716385987,Reverse Curriculum,risc
18806,79.60766251096138,Reverse Curriculum,risc
18827,83.37449743632155,Reverse Curriculum,risc
18848,80.0193051022662,Reverse Curriculum,risc
18870,80.43812963887108,Reverse Curriculum,risc
18891,82.73143256719008,Reverse Curriculum,risc
18912,83.91815402475474,Reverse Curriculum,risc
18933,83.63491121331973,Reverse Curriculum,risc
18954,84.2394350693859,Reverse Curriculum,risc
18976,83.83518548146594,Reverse Curriculum,risc
18997,81.21931115246697,Reverse Curriculum,risc
19018,66.55161508735115,Reverse Curriculum,risc
19039,70.58841606714333,Reverse Curriculum,risc
19061,78.81524787828747,Reverse Curriculum,risc
19082,75.73972614723635,Reverse Curriculum,risc
19103,81.50798383026842,Reverse Curriculum,risc
19124,85.78127564540429,Reverse Curriculum,risc
19145,80.99639670607287,Reverse Curriculum,risc
19167,77.52261178020676,Reverse Curriculum,risc
19188,82.44105664053158,Reverse Curriculum,risc
19209,83.51195514597558,Reverse Curriculum,risc
19230,77.5238324351624,Reverse Curriculum,risc
19251,81.67954923792416,Reverse Curriculum,risc
19273,81.58085366878959,Reverse Curriculum,risc
19294,79.03930468541076,Reverse Curriculum,risc
19315,79.61210828297544,Reverse Curriculum,risc
19336,79.3458480170302,Reverse Curriculum,risc
19357,77.75268506298274,Reverse Curriculum,risc
19379,79.01739515332542,Reverse Curriculum,risc
19400,79.02666512702058,Reverse Curriculum,risc
19421,78.94451149536185,Reverse Curriculum,risc
19442,78.45004735410946,Reverse Curriculum,risc
19464,79.31378855621111,Reverse Curriculum,risc
19485,80.46271579503461,Reverse Curriculum,risc
19506,79.0599577638405,Reverse Curriculum,risc
19527,72.00487575192435,Reverse Curriculum,risc
19548,77.89301970757556,Reverse Curriculum,risc
19570,79.09649676420587,Reverse Curriculum,risc
19591,78.03395314821573,Reverse Curriculum,risc
19612,78.77772865009001,Reverse Curriculum,risc
19633,76.80426498236945,Reverse Curriculum,risc
19654,76.76568656810416,Reverse Curriculum,risc
19676,78.57472495921401,Reverse Curriculum,risc
19697,77.50996787244182,Reverse Curriculum,risc
19718,78.00475728270577,Reverse Curriculum,risc
19739,79.72698856982706,Reverse Curriculum,risc
19760,79.65203646282413,Reverse Curriculum,risc
19782,79.25504675343421,Reverse Curriculum,risc
19803,80.58225755302793,Reverse Curriculum,risc
19824,80.25842215913589,Reverse Curriculum,risc
19845,79.32407669746799,Reverse Curriculum,risc
19866,78.69865626317424,Reverse Curriculum,risc
19888,79.38485112093096,Reverse Curriculum,risc
19909,79.66270460402647,Reverse Curriculum,risc
19930,79.87808326251886,Reverse Curriculum,risc
19951,79.41219684706819,Reverse Curriculum,risc
19973,80.2705138825764,Reverse Curriculum,risc
19994,79.86612461332207,Reverse Curriculum,risc
20015,76.4017798043632,Reverse Curriculum,risc
20036,75.88048297664879,Reverse Curriculum,risc
20057,77.84759129601481,Reverse Curriculum,risc
20079,80.01374992650693,Reverse Curriculum,risc
20100,79.87384088806638,Reverse Curriculum,risc
20121,80.04295365499105,Reverse Curriculum,risc
20142,81.14611772478607,Reverse Curriculum,risc
20163,79.12684853915236,Reverse Curriculum,risc
20185,81.60725416727077,Reverse Curriculum,risc
20206,82.55137902480207,Reverse Curriculum,risc
20227,81.29988473939733,Reverse Curriculum,risc
20248,79.66077418232787,Reverse Curriculum,risc
20269,81.65748447214595,Reverse Curriculum,risc
20291,82.04547048345813,Reverse Curriculum,risc
20312,81.45306859190472,Reverse Curriculum,risc
20333,79.76343680102657,Reverse Curriculum,risc
20354,79.70800207042669,Reverse Curriculum,risc
20376,80.84048003699856,Reverse Curriculum,risc
20397,82.32371179052491,Reverse Curriculum,risc
20418,81.05515779247986,Reverse Curriculum,risc
20439,82.49402230441927,Reverse Curriculum,risc
20460,38.20346177010353,Reverse Curriculum,risc
20781,0.8522250879702699,Reverse Curriculum,risc
21002,2.681320239685851,Reverse Curriculum,risc
21323,1.684889197395511,Reverse Curriculum,risc
21512,8.729324166595937,Reverse Curriculum,risc
21533,8.98965317903311,Reverse Curriculum,risc
21619,9.308479490933411,Reverse Curriculum,risc
21640,13.353336432937962,Reverse Curriculum,risc
21661,12.794797584487306,Reverse Curriculum,risc
21682,13.212975532584325,Reverse Curriculum,risc
21703,13.17689789293636,Reverse Curriculum,risc
22001,12.635608400753023,Reverse Curriculum,risc
22022,83.36267723217836,Reverse Curriculum,risc
22043,80.52618718467089,Reverse Curriculum,risc
22064,79.61552482880082,Reverse Curriculum,risc
22085,81.39778711673556,Reverse Curriculum,risc
22111,46.4071617358789,Reverse Curriculum,risc
22132,10.801204370583378,Reverse Curriculum,risc
22153,12.546164814762514,Reverse Curriculum,risc
22174,11.19308095297853,Reverse Curriculum,risc
22195,10.991449770875308,Reverse Curriculum,risc
22279,14.18073704108435,Reverse Curriculum,risc
22300,6.353114927757919,Reverse Curriculum,risc
22414,12.547765532154912,Reverse Curriculum,risc
22635,1.4815070735665525,Reverse Curriculum,risc
22856,1.5696459032184769,Reverse Curriculum,risc
23077,0.7671168173294427,Reverse Curriculum,risc
23298,2.1339416360585406,Reverse Curriculum,risc
23519,1.8918359227647248,Reverse Curriculum,risc
23740,1.6469400861635115,Reverse Curriculum,risc
23861,1.9499409335993163,Reverse Curriculum,risc
24082,2.1347280957048493,Reverse Curriculum,risc
24153,26.183195837376662,Reverse Curriculum,risc
24174,13.114577047516315,Reverse Curriculum,risc
24195,5.167315627704221,Reverse Curriculum,risc
24416,0.9510584850061778,Reverse Curriculum,risc
24637,2.386449911998955,Reverse Curriculum,risc
24858,1.1562495597655715,Reverse Curriculum,risc
25076,3.915209931875152,Reverse Curriculum,risc
25197,2.616210501587898,Reverse Curriculum,risc
25418,1.6645922867086411,Reverse Curriculum,risc
25539,1.5148855969055928,Reverse Curriculum,risc
25760,1.7994104594269116,Reverse Curriculum,risc
25981,1.7627225875483672,Reverse Curriculum,risc
26154,28.566255375392046,Reverse Curriculum,risc
26175,82.2904379887794,Reverse Curriculum,risc
26196,83.04170388927817,Reverse Curriculum,risc
26217,58.24704323041446,Reverse Curriculum,risc
26338,1.8132660179904658,Reverse Curriculum,risc
26420,10.302287288341388,Reverse Curriculum,risc
26641,1.6346958843742128,Reverse Curriculum,risc
26862,1.5664699979260832,Reverse Curriculum,risc
27083,1.1408816162888187,Reverse Curriculum,risc
27275,7.981182991953655,Reverse Curriculum,risc
27296,11.018921991814883,Reverse Curriculum,risc
27417,18.383458719453845,Reverse Curriculum,risc
27438,26.181102984919775,Reverse Curriculum,risc
27459,26.49597639144495,Reverse Curriculum,risc
27480,25.75555951365187,Reverse Curriculum,risc
27601,6.4748487142891085,Reverse Curriculum,risc
27722,1.638760262443345,Reverse Curriculum,risc
27943,2.964536241391586,Reverse Curriculum,risc
28064,1.9229037508369389,Reverse Curriculum,risc
28285,1.6436221202799324,Reverse Curriculum,risc
28506,1.3782326045252142,Reverse Curriculum,risc
28727,1.8055789679751233,Reverse Curriculum,risc
28848,3.3303535897750836,Reverse Curriculum,risc
29069,2.634203691959231,Reverse Curriculum,risc
29190,1.8617891464060394,Reverse Curriculum,risc
29411,1.847970935496606,Reverse Curriculum,risc
29632,1.2994074301708616,Reverse Curriculum,risc
29853,1.7177909672619205,Reverse Curriculum,risc
30174,1.4389797974465501,Reverse Curriculum,risc
30295,1.975005159565388,Reverse Curriculum,risc
30516,2.1420468940416373,Reverse Curriculum,risc
30637,2.7024861272089202,Reverse Curriculum,risc
30958,1.497549868409662,Reverse Curriculum,risc
31379,1.799843278654076,Reverse Curriculum,risc
31600,1.7677775028352414,Reverse Curriculum,risc
31921,1.8721473744090518,Reverse Curriculum,risc
32242,1.368000222110619,Reverse Curriculum,risc
32462,8.410421483676837,Reverse Curriculum,risc
32483,3.8693958823673844,Reverse Curriculum,risc
32804,1.407336186777284,Reverse Curriculum,risc
32990,6.004293110545839,Reverse Curriculum,risc
33095,5.2558617520902216,Reverse Curriculum,risc
33116,13.2807154543849,Reverse Curriculum,risc
33137,12.348470036627594,Reverse Curriculum,risc
33158,11.05654047986045,Reverse Curriculum,risc
33179,11.316816830485028,Reverse Curriculum,risc
33263,15.699630708936215,Reverse Curriculum,risc
33284,7.277434964240495,Reverse Curriculum,risc
33305,3.9312203366418856,Reverse Curriculum,risc
33526,1.745482446400505,Reverse Curriculum,risc
33747,1.6974037004948654,Reverse Curriculum,risc
33968,1.874177150237279,Reverse Curriculum,risc
34089,1.8611052102051766,Reverse Curriculum,risc
34310,1.4281697986931634,Reverse Curriculum,risc
34631,2.734416078542872,Reverse Curriculum,risc
34652,34.32602452009568,Reverse Curriculum,risc
34673,18.87776376701257,Reverse Curriculum,risc
34694,11.30288822414941,Reverse Curriculum,risc
34765,3.9701676937987798,Reverse Curriculum,risc
34786,2.926298898743079,Reverse Curriculum,risc
35107,1.4594328126064608,Reverse Curriculum,risc
35228,1.8035670127412577,Reverse Curriculum,risc
35549,1.219802867261115,Reverse Curriculum,risc
35759,3.5958398036473063,Reverse Curriculum,risc
35980,1.0107147354544064,Reverse Curriculum,risc
36301,0.9862980085769814,Reverse Curriculum,risc
36522,1.7777837218217425,Reverse Curriculum,risc
36743,1.294572868192792,Reverse Curriculum,risc
37046,4.630779225409037,Reverse Curriculum,risc
37167,6.618319841396228,Reverse Curriculum,risc
37388,1.9767806496451232,Reverse Curriculum,risc
37609,1.1850661302330245,Reverse Curriculum,risc
37695,9.764769204386111,Reverse Curriculum,risc
37916,1.7127856661746728,Reverse Curriculum,risc
38137,0.6756101405928406,Reverse Curriculum,risc
38358,0.9670650845084067,Reverse Curriculum,risc
38679,1.1433358209471436,Reverse Curriculum,risc
38900,1.1257296342784777,Reverse Curriculum,risc
39021,25.536982852900426,Reverse Curriculum,risc
39042,34.265926605519695,Reverse Curriculum,risc
39063,5.752633645251556,Reverse Curriculum,risc
39284,1.3479391385791013,Reverse Curriculum,risc
39505,1.6602384318487626,Reverse Curriculum,risc
39826,1.4465763860046803,Reverse Curriculum,risc
39947,7.644590254970934,Reverse Curriculum,risc
40068,2.786728806074818,Reverse Curriculum,risc
40289,1.7750707582261451,Reverse Curriculum,risc
40510,1.869418957069255,Reverse Curriculum,risc
40531,3.100378812914312,Reverse Curriculum,risc
40752,1.5850099221072833,Reverse Curriculum,risc
40973,4.133054982993839,Reverse Curriculum,risc
41094,3.056760593718454,Reverse Curriculum,risc
41215,1.2592295953561876,Reverse Curriculum,risc
41536,3.1669579846863707,Reverse Curriculum,risc
41757,2.69792015167195,Reverse Curriculum,risc
41878,2.971998550957395,Reverse Curriculum,risc
41999,1.97845226276666,Reverse Curriculum,risc
42220,1.6094646357679054,Reverse Curriculum,risc
42441,19.07104414535387,Reverse Curriculum,risc
42462,27.585264810600574,Reverse Curriculum,risc
42483,24.638715890614467,Reverse Curriculum,risc
42504,31.983553107881434,Reverse Curriculum,risc
42525,32.36023371703553,Reverse Curriculum,risc
42746,6.883373984116299,Reverse Curriculum,risc
43067,2.2504399416610235,Reverse Curriculum,risc
43188,3.0846842989361902,Reverse Curriculum,risc
43409,0.7458632445458344,Reverse Curriculum,risc
43630,0.9053277779666327,Reverse Curriculum,risc
44051,2.5060133931214192,Reverse Curriculum,risc
44272,1.6758485329385362,Reverse Curriculum,risc
44393,2.508506811488945,Reverse Curriculum,risc
44614,3.1758845820449237,Reverse Curriculum,risc
44835,1.3572163905893322,Reverse Curriculum,risc
45056,0.9852729279484763,Reverse Curriculum,risc
45377,2.064817358662937,Reverse Curriculum,risc
45598,1.6973917742145406,Reverse Curriculum,risc
45819,1.6968642201561592,Reverse Curriculum,risc
46140,0.7287950670867609,Reverse Curriculum,risc
46361,1.151265511025717,Reverse Curriculum,risc
46382,3.200137999148458,Reverse Curriculum,risc
46403,2.799077548145987,Reverse Curriculum,risc
46424,3.2523607828348897,Reverse Curriculum,risc
46645,1.1689143633174952,Reverse Curriculum,risc
46866,13.049895230815107,Reverse Curriculum,risc
46887,33.07807575105707,Reverse Curriculum,risc
46908,28.310749900655708,Reverse Curriculum,risc
46929,31.19723063710837,Reverse Curriculum,risc
46950,27.08835901276638,Reverse Curriculum,risc
47071,36.474616668687965,Reverse Curriculum,risc
47092,40.45581305833935,Reverse Curriculum,risc
47113,41.92576475271456,Reverse Curriculum,risc
47134,40.7385586331636,Reverse Curriculum,risc
47155,36.3681268004865,Reverse Curriculum,risc
47276,41.51196719489524,Reverse Curriculum,risc
47297,38.976836688476865,Reverse Curriculum,risc
47318,35.97681165105071,Reverse Curriculum,risc
47339,36.0750397431067,Reverse Curriculum,risc
47460,27.059764281551303,Reverse Curriculum,risc
47781,0.5958775183438718,Reverse Curriculum,risc
48002,2.1150200414455913,Reverse Curriculum,risc
48223,1.2576102516641832,Reverse Curriculum,risc
48544,0.49578151197192205,Reverse Curriculum,risc
48665,19.005852775216404,Reverse Curriculum,risc
48786,5.007550509865659,Reverse Curriculum,risc
49007,0.5918073251731004,Reverse Curriculum,risc
49128,15.525199714328911,Reverse Curriculum,risc
49149,29.753480444505442,Reverse Curriculum,risc
49170,24.598361959128436,Reverse Curriculum,risc
49191,26.275006663369897,Reverse Curriculum,risc
49212,27.906498188279404,Reverse Curriculum,risc
49333,16.66521008186965,Reverse Curriculum,risc
49454,0.9323684897131941,Reverse Curriculum,risc
49975,0.6168920130939156,Reverse Curriculum,risc
